<?xml version="1.0" encoding="UTF-8"?>

<!-- <configuration>
    <include resource="org/springframework/boot/logging/logback/defaults.xml"/>

    <appender name="CONSOLE" class="ch.qos.logback.core.ConsoleAppender">
        <filter class="ch.qos.logback.classic.filter.ThresholdFilter">
            <level>INFO</level>
        </filter>
        <encoder>
            <pattern>${CONSOLE_LOG_PATTERN}</pattern>
        </encoder>
    </appender>

    <logger name="uk.co.tsb.ods.cdc.ingestors.kafka.streams.app" level="TRACE"/>
    <logger name="org.springframework.kafka.config" level="DEBUG"/>

    <root>
        <level value="ERROR"/>
        <appender-ref ref="CONSOLE"/>
    </root>
</configuration> -->

<configuration>
	<appender name="STDOUT"
		class="ch.qos.logback.core.ConsoleAppender">
		<encoder>
			<pattern>%d{​​​​​​​HH:mm:ss.SSS}​​​​​​​ [%thread] %-5level
				%logger{​​​​​​​36}​​​​​​​ - %msg%n</pattern>
		</encoder>
	</appender>

	<root level="debug">
		<appender-ref ref="STDOUT" />
	</root>
</configuration> 